Sample_id,L01,L02,L03,L04,L05,L06,L07,L08,L09,L10,L11,L12,L13,L14,L15,L16,L17,L18,L19,L20,L21,L22,L23,L24,L25,L26,L27,L28,L29,L30,L31,L32,L33,L34,L35,L36,L37,L38,L39,L40
S001,323/325,282/282,353/353,288/288,341/341,410/410,382/382,319/319,290/290,183/183,269/269,206/206,169/169,237/237,413/413,217/217,278/278,222/222,179/179,154/154,211/211,253/253,233/233,179/179,230/230,271/271,197/197,275/275,126/126,263/263,234/234,215/215,170/170,183/183,204/204,213/213,260/275,324/324,332/332,/
S002,322/322,252/252,255/255,348/348,292/292,336/336,410/410,364/364,273/273,252/252,173/173,299/299,212/212,173/173,237/237,202/202,413/413,278/278,240/240,185/185,154/154,194/194,266/266,233/233,165/165,230/230,176/176,270/270,144/144,265/265,222/222,207/207,170/170,193/193,215/215,205/205,275/275,309/309,283/283,/
S003,354/354,240/240,270/270,363/363,290/290,362/362,410/430,380/380,275/275,248/248,183/183,276/276,206/206,154/154,221/221,222/222,413/413,278/278,222/222,185/185,154/154,211/211,257/257,233/233,173/173,230/230,328/328,197/197,275/275,126/126,269/269,228/228,215/215,170/170,193/193,204/204,185/185,275/275,312/312,317/317
S004,335/335,273/273,360/360,317/317,341/341,410/410,301/301,260/260,173/173,305/305,206/206,169/169,233/233,413/413,284/284,217/217,222/222,185/185,168/168,209/209,266/266,233/233,173/173,230/230,294/294,191/191,278/278,126/126,265/265,222/222,205/205,156/156,175/175,207/207,199/199,260/260,304/304,283/283,/,/
S005,350/350,255/255,360/360,335/335,336/336,410/410,364/364,279/279,290/290,201/201,280/280,206/206,150/150,229/229,393/393,227/227,284/284,222/222,179/179,168/168,194/194,253/253,222/222,171/171,230/230,271/271,176/176,275/275,126/126,275/275,222/222,207/207,170/170,183/183,204/204,213/213,260/260,312/312,310/310,/
S006,350/350,255/255,360/360,336/336,410/410,364/364,279/279,290/290,201/201,206/206,150/150,229/229,393/393,284/284,222/222,227/227,179/179,168/168,194/194,253/253,222/222,171/171,230/230,271/271,176/176,275/275,126/126,275/275,207/207,170/170,183/183,204/204,213/213,260/260,312/312,310/310,/,/,/,/
S007,250/250,360/360,290/290,362/362,410/410,382/382,319/319,290/290,183/183,265/265,206/206,173/173,237/237,278/278,222/222,217/217,190/190,168/168,230/230,266/266,222/222,165/165,230/230,271/271,197/197,275/275,126/126,263/263,234/234,215/215,170/170,180/180,204/204,196/196,275/275,312/312,332/332,/,/,/
S008,352/352,248/248,360/360,292/292,362/362,410/410,382/382,319/319,290/290,183/183,265/265,206/206,173/173,237/239,413/413,217/217,278/278,222/222,190/190,168/168,175/175,266/266,222/222,165/165,230/230,271/271,197/197,275/275,126/126,263/263,234/234,215/215,174/174,180/180,204/204,196/205,275/275,312/312,332/332,/
S009,352/352,248/248,360/360,317/317,341/341,410/410,382/382,301/301,290/290,183/183,265/265,206/206,173/173,237/237,413/413,217/217,278/278,222/222,190/190,168/168,175/175,266/266,222/222,230/230,271/271,197/197,275/275,126/126,263/263,215/215,170/170,180/180,204/204,196/196,275/275,312/312,332/332,/,/,/
S010,322/322,252/252,255/255,348/348,292/292,336/336,410/410,364/364,273/273,252/252,173/173,299/299,212/212,173/173,237/237,202/202,413/413,278/278,240/240,185/185,154/154,194/194,266/266,233/233,165/165,230/230,176/176,270/270,144/144,265/265,222/222,207/207,170/170,193/193,215/215,205/205,275/275,309/309,283/283,/
S011,350/350,248/255,386/386,317/317,341/341,410/410,404/404,301/301,262/262,185/185,265/265,206/206,169/169,229/229,393/393,217/217,284/284,222/222,185/185,154/154,179/179,253/253,233/233,173/173,230/230,330/330,176/176,278/278,144/144,265/265,234/234,207/207,156/156,175/175,207/207,205/205,260/260,304/304,283/283,/
S012,350/350,250/250,360/360,292/292,362/362,410/410,382/382,319/319,290/290,183/183,265/265,212/212,173/173,237/237,413/413,217/217,278/278,222/222,190/190,168/168,230/230,266/266,222/222,165/165,230/230,271/271,197/197,275/275,126/126,263/263,234/234,215/215,170/170,193/193,204/204,205/205,275/275,309/309,332/332,/
S013,352/352,240/240,246/246,360/360,290/290,362/362,410/410,364/364,319/319,252/252,183/183,265/265,206/206,173/173,233/233,217/217,413/413,284/284,220/220,185/185,154/154,194/194,266/266,222/222,165/165,230/230,330/330,197/197,275/275,144/144,263/263,234/234,215/215,170/170,188/188,204/204,196/196,260/275,309/309,310/310
S014,350/350,250/250,348/348,290/290,362/362,410/410,378/378,319/319,290/290,183/183,265/265,206/206,173/173,237/237,413/413,217/217,278/278,240/240,185/185,168/168,230/230,266/266,222/222,165/165,230/230,271/271,197/197,270/270,126/144,265/265,222/222,207/207,170/170,180/180,204/204,196/196,275/275,312/312,283/283,/
S015,352/352,250/250,360/360,290/294,341/341,410/410,382/382,301/301,290/290,183/183,265/265,229/229,173/173,237/237,413/413,217/217,278/278,222/222,190/190,168/168,175/175,266/266,222/222,165/165,230/230,271/271,197/197,126/126,263/263,215/215,170/170,180/180,204/204,196/196,275/275,312/312,332/332,/,/,/
S016,325/325,255/255,353/353,288/288,336/336,410/410,404/404,319/319,290/290,265/265,206/206,169/169,237/237,413/413,278/278,217/217,222/222,190/190,154/154,211/211,253/253,233/233,179/179,230/230,294/294,197/197,270/270,126/126,263/263,234/235,215/215,156/156,183/183,204/204,213/213,275/275,312/312,332/332,/,/
S017,354/354,238/238,250/250,363/363,335/335,343/343,410/410,380/380,275/275,260/260,197/197,202/202,154/154,221/221,413/413,222/222,278/278,222/222,185/185,154/154,184/184,262/262,238/238,173/173,245/245,294/294,176/176,278/278,134/134,269/269,207/207,170/170,188/188,204/204,185/185,260/260,304/304,317/317,/,/
S018,352/352,240/240,250/250,360/360,290/290,362/362,410/410,382/382,319/319,290/290,183/183,265/265,206/206,173/173,237/237,217/217,413/413,278/278,222/222,190/190,168/168,230/230,266/266,222/222,165/165,230/230,271/271,197/197,275/275,126/126,263/263,234/234,215/215,170/170,180/180,204/204,196/196,275/275,312/312,332/332
S019,325/325,240/240,255/255,351/351,335/335,336/336,410/410,364/364,279/279,252/252,165/165,265/265,190/190,173/173,233/233,217/217,408/408,278/278,222/222,185/185,154/154,184/184,266/266,222/222,191/191,230/230,330/330,176/176,278/278,144/144,275/275,234/234,205/205,156/156,193/193,207/207,185/185,260/260,304/304,283/283
S020,344/344,240/240,246/246,363/363,292/292,336/336,410/410,382/382,301/301,260/260,173/173,274/274,212/212,152/152,239/239,217/217,413/413,284/284,222/222,169/169,154/154,175/175,253/253,222/222,173/173,253/253,297/297,176/176,275/275,126/126,265/265,228/228,207/207,170/170,183/183,207/207,205/205,275/275,283/283,/
S021,350/366,240/240,246/246,360/360,302/302,362/362,410/410,364/364,301/301,252/252,191/191,280/280,206/206,152/152,233/233,202/202,393/393,284/284,222/222,179/179,154/154,194/194,257/257,233/233,193/193,230/230,294/294,176/176,278/278,126/126,275/275,222/222,205/207,174/174,183/183,215/215,213/213,260/260,304/304,310/310
S022,350/350,240/240,246/246,360/360,302/302,362/362,410/410,364/364,301/301,252/252,191/191,280/280,206/206,152/152,233/233,202/202,393/393,284/284,222/222,179/179,154/154,194/194,257/257,233/233,193/193,230/230,294/294,176/176,278/278,126/126,275/275,205/207,174/174,183/183,215/215,213/213,260/260,304/304,310/310,/
S023,350/350,240/240,246/246,360/360,302/302,362/362,410/410,364/384,301/301,252/252,191/191,280/280,206/206,152/152,233/233,202/202,284/284,222/222,179/179,154/154,194/194,257/257,193/193,230/230,294/294,176/176,278/278,126/126,275/275,234/234,205/205,174/174,183/183,215/215,213/213,260/260,304/304,310/310,/,/
S024,335/335,250/250,379/379,335/335,336/336,410/410,364/364,299/299,262/262,165/165,265/265,206/206,173/173,221/231,413/413,217/217,284/284,222/222,185/185,154/154,194/194,257/257,233/233,165/165,253/253,271/271,176/176,126/126,263/263,225/225,207/207,174/174,188/188,204/204,199/199,260/260,304/304,283/283,/,/
S025,350/350,240/240,246/246,379/379,317/317,362/362,410/410,364/404,301/301,290/290,191/191,265/305,190/190,173/173,235/235,217/217,408/408,284/284,222/222,185/185,168/168,/,266/266,216/216,173/173,230/230,176/176,126/144,263/263,234/234,199/199,156/156,175/175,207/207,196/196,260/260,304/304,/,/,/
S026,350/350,240/240,246/246,348/379,317/317,362/362,410/410,404/404,301/301,290/290,191/191,276/305,190/190,173/173,235/235,217/217,408/408,284/284,222/222,185/185,168/168,230/230,266/266,216/216,173/173,230/230,176/176,126/144,263/263,222/228,199/199,156/156,175/175,207/207,196/196,260/260,304/304,/,/,/
S027,344/350,240/240,246/246,379/380,317/317,362/362,410/410,404/404,301/301,290/290,191/191,305/305,190/190,173/173,235/235,217/217,408/408,284/284,222/222,185/185,168/168,218/218,266/266,216/216,173/173,230/230,176/176,278/278,144/144,263/263,199/199,156/156,175/175,207/207,196/196,260/260,304/304,/,/,/
S028,240/240,280/280,150/150,231/231,222/222,179/179,154/154,194/194,257/257,230/230,176/176,278/278,126/126,207/207,170/170,227/227,186/186,215/215,213/213,260/260,312/312,/,/,/,/,/,/,/,/,/,/,/,/,/,/,/,/,/,/,/
S029,240/240,250/250,351/352,294/294,336/336,410/411,290/290,201/201,280/280,206/206,150/150,231/231,393/393,284/284,222/222,227/227,179/179,154/154,194/194,257/257,233/233,230/230,294/294,176/176,278/278,126/126,275/275,207/207,170/170,186/186,215/215,213/213,260/260,312/312,/,/,/,/,/,/
S030,240/240,250/250,294/294,336/336,273/273,201/201,280/280,206/206,150/150,231/231,393/393,222/222,179/179,154/154,194/194,227/227,257/257,233/233,165/166,230/230,176/176,278/278,126/126,275/275,207/207,170/170,186/186,215/215,213/213,260/260,312/312,/,/,/,/,/,/,/,/,/
S031,325/327,240/240,250/250,360/361,292/292,362/362,410/410,374/375,271/271,290/290,165/165,265/265,202/202,150/150,233/233,227/227,413/413,278/278,230/230,182/182,154/154,194/194,273/273,233/233,179/191,230/230,294/294,176/176,283/283,126/126,278/278,225/225,213/213,176/176,183/183,196/196,260/260,299/299,/,/
S032,240/240,252/252,290/290,362/362,410/410,202/202,150/150,233/233,413/413,230/230,179/179,273/273,176/176,283/283,126/126,227/227,225/225,213/213,176/176,183/183,196/196,/,/,/,/,/,/,/,/,/,/,/,/,/,/,/,/,/,/,/
S033,240/240,362/362,150/150,233/233,230/230,273/273,176/176,283/283,126/126,225/225,213/213,176/176,183/183,196/196,/,227/227,/,/,/,/,/,/,/,/,/,/,/,/,/,/,/,/,/,/,/,/,/,/,/,/
